normalized,variants
naltrexone,"[""Naltrexone""]"
abacavir,"[""Abacavir""]"
orlistat,"[""Orlistat""]"
aluminum hydroxide,"[""Aluminum hydroxide""]"
dolutegravir,"[""Dolutegravir""]"
aprepitant,"[""Aprepitant""]"
attapulgite,"[""Attapulgite""]"
calcium acetate,"[""Calcium acetate""]"
calcium carbonate,"[""Calcium carbonate""]"
calcium citrate,"[""Calcium citrate""]"
calcium glubionate anhydrous,"[""Calcium glubionate anhydrous""]"
calcium gluconate,"[""Calcium gluconate""]"
calcium lactate,"[""Calcium lactate""]"
calcium phosphate,"[""Calcium Phosphate""]"
iron,"[""Iron""]"
cimetidine,"[""Cimetidine""]"
clarithromycin,"[""Clarithromycin""]"
clotrimazole,"[""Clotrimazole""]"
dexamethasone,"[""Dexamethasone""]"
kaolin,"[""Kaolin""]"
lamivudine,"[""Lamivudine""]"
lactitol,"[""Lactitol""]"
magaldrate,"[""Magaldrate""]"
magnesium carbonate,"[""Magnesium carbonate""]"
magnesium chloride,"[""Magnesium chloride""]"
magnesium citrate,"[""Magnesium citrate""]"
magnesium gluconate,"[""Magnesium gluconate""]"
magnesium hydroxide,"[""Magnesium hydroxide""]"
magnesium oxide,"[""Magnesium oxide""]"
magnesium sulfate,"[""Magnesium sulfate""]"
mannitol,"[""Mannitol""]"
metformin,"[""Metformin""]"
miconazole,"[""Miconazole""]"
sorbitol,"[""Sorbitol""]"
sucralfate,"[""Sucralfate""]"
troglitazone,"[""Troglitazone""]"
zidovudine,"[""Zidovudine""]"
amphotericin b,"[""Amphotericin B""]"
amphotericin b cholesteryl sulfate,"[""Amphotericin B (cholesteryl sulfate)""]"
amphotericin b lipid complex,"[""Amphotericin B (lipid complex)""]"
betamethasone,"[""Betamethasone""]"
budesonide,"[""Budesonide""]"
hydrocortisone,"[""Hydrocortisone""]"
prednisolone,"[""Prednisolone""]"
prednisone,"[""Prednisone""]"
rosuvastatin,"[""Rosuvastatin""]"
simvastatin,"[""Simvastatin""]"
triamcinolone,"[""Triamcinolone""]"
calcitriol topical,"[""Calcitriol (topical)""]"
abaloparatide,"[""Abaloparatide""]"
alosetron,"[""Alosetron""]"
abametapir topical,"[""Abametapir (topical)""]"
bupropion,"[""Bupropion""]"
cisapride,"[""Cisapride""]"
dexlansoprazole,"[""Dexlansoprazole""]"
dolasetron,"[""Dolasetron""]"
dronabinol,"[""Dronabinol""]"
eliglustat,"[""Eliglustat""]"
esomeprazole,"[""Esomeprazole""]"
glyburide,"[""Glyburide""]"
granisetron,"[""Granisetron""]"
lansoprazole,"[""Lansoprazole""]"
linagliptin,"[""Linagliptin""]"
naldemedine,"[""Naldemedine""]"
naloxegol,"[""Naloxegol""]"
nateglinide,"[""Nateglinide""]"
nitisinone,"[""Nitisinone""]"
omeprazole,"[""Omeprazole""]"
ondansetron,"[""Ondansetron""]"
pantoprazole,"[""Pantoprazole""]"
pioglitazone,"[""Pioglitazone""]"
rabeprazole,"[""Rabeprazole""]"
repaglinide,"[""Repaglinide""]"
rolapitant,"[""Rolapitant""]"
saxagliptin,"[""Saxagliptin""]"
sibutramine,"[""Sibutramine""]"
tinidazole,"[""Tinidazole""]"
abatacept,"[""Abatacept""]"
zinc acetate,"[""Zinc acetate""]"
zinc gluconate,"[""Zinc gluconate""]"
zinc sulfate,"[""Zinc sulfate""]"
abciximab,"[""Abciximab""]"
acetylsalicylic acid,"[""Acetylsalicylic acid""]"
dexfenfluramine,"[""Dexfenfluramine""]"
fenfluramine,"[""Fenfluramine""]"
abemaciclib,"[""Abemaciclib""]"
metreleptin,"[""Metreleptin""]"
abiraterone,"[""Abiraterone""]"
bisacodyl,"[""Bisacodyl""]"
castor oil,"[""Castor oil""]"
eluxadoline,"[""Eluxadoline""]"
famotidine,"[""Famotidine""]"
glycerin,"[""Glycerin""]"
lactulose,"[""Lactulose""]"
levofloxacin,"[""Levofloxacin""]"
loperamide,"[""Loperamide""]"
metoclopramide,"[""Metoclopramide""]"
metronidazole,"[""Metronidazole""]"
mineral oil,"[""Mineral oil""]"
palonosetron,"[""Palonosetron""]"
papaverine,"[""Papaverine""]"
phenolphthalein,"[""Phenolphthalein""]"
polyethylene glycol 3350,"[""Polyethylene glycol (3350)""]"
polyethylene glycol 3350 with electrolytes,"[""Polyethylene glycol (3350 with electrolytes)""]"
rosiglitazone,"[""Rosiglitazone""]"
botulinum toxin type a,"[""Botulinum toxin type A""]"
atropine,"[""Atropine""]"
clidinium,"[""Clidinium""]"
dicyclomine,"[""Dicyclomine""]"
glycopyrronium,"[""Glycopyrronium""]"
hyoscyamine,"[""Hyoscyamine""]"
kanamycin,"[""Kanamycin""]"
mepenzolate,"[""Mepenzolate""]"
methscopolamine,"[""Methscopolamine""]"
neomycin,"[""Neomycin""]"
polymyxin b,"[""Polymyxin B""]"
propantheline,"[""Propantheline""]"
scopolamine,"[""Scopolamine""]"
streptomycin,"[""Streptomycin""]"
trospium,"[""Trospium""]"
paclitaxel,"[""Paclitaxel""]"
ascorbic acid,"[""Ascorbic acid""]"
isotretinoin,"[""Isotretinoin""]"
doxycycline,"[""Doxycycline""]"
minocycline,"[""Minocycline""]"
tetracycline,"[""Tetracycline""]"
vitamin a,"[""Vitamin A""]"
fentanyl,"[""Fentanyl""]"
alvimopan,"[""Alvimopan""]"
glycerol phenylbutyrate,"[""Glycerol phenylbutyrate""]"
lorcaserin,"[""Lorcaserin""]"
mazindol,"[""Mazindol""]"
morphine,"[""Morphine""]"
morphine liposomal,"[""Morphine (liposomal)""]"
nabilone,"[""Nabilone""]"
naloxone,"[""Naloxone""]"
opium,"[""Opium""]"
phentermine,"[""Phentermine""]"
acalabrutinib,"[""Acalabrutinib""]"
nizatidine,"[""Nizatidine""]"
ranitidine,"[""Ranitidine""]"
ranitidine bismuth citrate,"[""Ranitidine (bismuth citrate)""]"
acarbose,"[""Acarbose""]"
acetazolamide,"[""Acetazolamide""]"
albiglutide,"[""Albiglutide""]"
salbutamol,"[""Salbutamol""]"
alclometasone topical,"[""Alclometasone (topical)""]"
aloe vera leaf,"[""Aloe Vera Leaf""]"
alpelisib,"[""Alpelisib""]"
lipoic acid,"[""Lipoic acid""]"
amcinonide,"[""Amcinonide""]"
amprenavir,"[""Amprenavir""]"
anisindione,"[""Anisindione""]"
aripiprazole,"[""Aripiprazole""]"
asenapine,"[""Asenapine""]"
asparaginase erwinia chrysanthemi,"[""Asparaginase Erwinia chrysanthemi""]"
asparaginase escherichia coli,"[""Asparaginase Escherichia coli""]"
atazanavir,"[""Atazanavir""]"
bedaquiline,"[""Bedaquiline""]"
bendroflumethiazide,"[""Bendroflumethiazide""]"
benzphetamine,"[""Benzphetamine""]"
benzthiazide,"[""Benzthiazide""]"
betamethasone topical,"[""Betamethasone (topical)""]"
bortezomib,"[""Bortezomib""]"
brentuximab vedotin,"[""Brentuximab vedotin""]"
brexpiprazole,"[""Brexpiprazole""]"
brigatinib,"[""Brigatinib""]"
bumetanide,"[""Bumetanide""]"
calaspargase pegol,"[""Calaspargase pegol""]"
cannabidiol,"[""Cannabidiol""]"
cariprazine,"[""Cariprazine""]"
ceritinib,"[""Ceritinib""]"
activated charcoal,"[""Activated charcoal""]"
chlorothiazide,"[""Chlorothiazide""]"
chlorpromazine,"[""Chlorpromazine""]"
chlorthalidone,"[""Chlorthalidone""]"
chromic chloride,"[""Chromic chloride""]"
chromium picolinate,"[""Chromium picolinate""]"
cinoxacin,"[""Cinoxacin""]"
ciprofloxacin,"[""Ciprofloxacin""]"
clobetasol topical,"[""Clobetasol (topical)""]"
clocortolone topical,"[""Clocortolone (topical)""]"
clofarabine,"[""Clofarabine""]"
clozapine,"[""Clozapine""]"
conjugated estrogens,"[""Conjugated estrogens""]"
conjugated estrogens topical,"[""Conjugated estrogens (topical)""]"
copanlisib,"[""Copanlisib""]"
corticotropin,"[""Corticotropin""]"
tetracosactide,"[""Tetracosactide""]"
dabrafenib,"[""Dabrafenib""]"
danazol,"[""Danazol""]"
darunavir,"[""Darunavir""]"
deflazacort,"[""Deflazacort""]"
delafloxacin,"[""Delafloxacin""]"
desonide topical,"[""Desonide (topical)""]"
desoximetasone topical,"[""Desoximetasone (topical)""]"
dexamethasone ophthalmic,"[""Dexamethasone (ophthalmic)""]"
dexamethasone topical,"[""Dexamethasone (topical)""]"
diazoxide,"[""Diazoxide""]"
diclofenamide,"[""Diclofenamide""]"
dicoumarol,"[""Dicoumarol""]"
dienestrol topical,"[""Dienestrol (topical)""]"
diethylpropion,"[""Diethylpropion""]"
diethylstilbestrol,"[""Diethylstilbestrol""]"
diflorasone topical,"[""Diflorasone (topical)""]"
digitoxin,"[""Digitoxin""]"
digoxin,"[""Digoxin""]"
dobutamine,"[""Dobutamine""]"
dopamine,"[""Dopamine""]"
drospirenone,"[""Drospirenone""]"
efavirenz,"[""Efavirenz""]"
enfortumab vedotin,"[""Enfortumab vedotin""]"
enoxacin,"[""Enoxacin""]"
ephedrine,"[""Ephedrine""]"
epinephrine,"[""Epinephrine""]"
epirubicin,"[""Epirubicin""]"
esterified estrogens,"[""Esterified estrogens""]"
estradiol,"[""Estradiol""]"
estradiol topical,"[""Estradiol (topical)""]"
estramustine,"[""Estramustine""]"
estrone,"[""Estrone""]"
estrone sulfate,"[""Estrone sulfate""]"
estrone sulfate topical,"[""Estrone sulfate (topical)""]"
etacrynic acid,"[""Etacrynic acid""]"
ethanol,"[""Ethanol""]"
ethinylestradiol,"[""Ethinylestradiol""]"
etonogestrel,"[""Etonogestrel""]"
everolimus,"[""Everolimus""]"
fludrocortisone,"[""Fludrocortisone""]"
fluocinonide topical,"[""Fluocinonide (topical)""]"
fluphenazine,"[""Fluphenazine""]"
flurandrenolide topical,"[""Flurandrenolide (topical)""]"
fluticasone topical,"[""Fluticasone (topical)""]"
formoterol,"[""Formoterol""]"
fosamprenavir,"[""Fosamprenavir""]"
fosphenytoin,"[""Fosphenytoin""]"
furosemide,"[""Furosemide""]"
garlic,"[""Garlic""]"
gatifloxacin,"[""Gatifloxacin""]"
gemifloxacin,"[""Gemifloxacin""]"
ginseng,"[""Ginseng""]"
goserelin,"[""Goserelin""]"
grepafloxacin,"[""Grepafloxacin""]"
halcinonide topical,"[""Halcinonide (topical)""]"
ulobetasol topical,"[""Ulobetasol (topical)""]"
histrelin,"[""Histrelin""]"
hydrochlorothiazide,"[""Hydrochlorothiazide""]"
hydrocortisone topical,"[""Hydrocortisone (topical)""]"
hydroflumethiazide,"[""Hydroflumethiazide""]"
idelalisib,"[""Idelalisib""]"
iloperidone,"[""Iloperidone""]"
indacaterol,"[""Indacaterol""]"
indapamide,"[""Indapamide""]"
indinavir,"[""Indinavir""]"
interferon beta 1a,"[""Interferon beta-1a""]"
interferon beta 1b,"[""Interferon beta-1b""]"
isoniazid,"[""Isoniazid""]"
isoprenaline,"[""Isoprenaline""]"
lanreotide,"[""Lanreotide""]"
leflunomide,"[""Leflunomide""]"
leuprolide,"[""Leuprolide""]"
levonorgestrel,"[""Levonorgestrel""]"
levothyroxine,"[""Levothyroxine""]"
liothyronine,"[""Liothyronine""]"
liotrix,"[""Liotrix""]"
lithium carbonate,"[""Lithium carbonate""]"
lomefloxacin,"[""Lomefloxacin""]"
lomitapide,"[""Lomitapide""]"
lumateperone,"[""Lumateperone""]"
lurasidone,"[""Lurasidone""]"
medroxyprogesterone acetate,"[""Medroxyprogesterone acetate""]"
megestrol acetate,"[""Megestrol acetate""]"
mephentermine,"[""Mephentermine""]"
mesoridazine,"[""Mesoridazine""]"
orciprenaline,"[""Orciprenaline""]"
metaraminol,"[""Metaraminol""]"
metamfetamine,"[""Metamfetamine""]"
methazolamide,"[""Methazolamide""]"
methdilazine,"[""Methdilazine""]"
methotrexate,"[""Methotrexate""]"
methotrimeprazine,"[""Methotrimeprazine""]"
methoxamine,"[""Methoxamine""]"
methylcellulose,"[""Methylcellulose""]"
methylprednisolone,"[""Methylprednisolone""]"
methylprednisolone topical,"[""Methylprednisolone (topical)""]"
metolazone,"[""Metolazone""]"
midostaurin,"[""Midostaurin""]"
mipomersen,"[""Mipomersen""]"
moxifloxacin,"[""Moxifloxacin""]"
nalidixic acid,"[""Nalidixic acid""]"
nelfinavir,"[""Nelfinavir""]"
niacin,"[""Niacin""]"
nicotinamide,"[""Nicotinamide""]"
norepinephrine,"[""Norepinephrine""]"
norethisterone,"[""Norethisterone""]"
norfloxacin,"[""Norfloxacin""]"
norgestrel,"[""Norgestrel""]"
octreotide,"[""Octreotide""]"
ofloxacin,"[""Ofloxacin""]"
olanzapine,"[""Olanzapine""]"
omacetaxine mepesuccinate,"[""Omacetaxine mepesuccinate""]"
paliperidone,"[""Paliperidone""]"
pancrelipase,"[""Pancrelipase""]"
pasireotide,"[""Pasireotide""]"
pegaspargase,"[""Pegaspargase""]"
peginterferon beta 1a,"[""Peginterferon beta-1a""]"
pegvisomant,"[""Pegvisomant""]"
pentamidine,"[""Pentamidine""]"
perphenazine,"[""Perphenazine""]"
pexidartinib,"[""Pexidartinib""]"
phendimetrazine,"[""Phendimetrazine""]"
phenylephrine,"[""Phenylephrine""]"
phenylpropanolamine,"[""Phenylpropanolamine""]"
phenytoin,"[""Phenytoin""]"
polythiazide,"[""Polythiazide""]"
pramlintide,"[""Pramlintide""]"
prednicarbate topical,"[""Prednicarbate (topical)""]"
prochlorperazine,"[""Prochlorperazine""]"
progesterone,"[""Progesterone""]"
progesterone topical,"[""Progesterone (topical)""]"
promazine,"[""Promazine""]"
promethazine,"[""Promethazine""]"
propiomazine,"[""Propiomazine""]"
pseudoephedrine,"[""Pseudoephedrine""]"
plantago seed,"[""Plantago seed""]"
quetiapine,"[""Quetiapine""]"
quinestrol,"[""Quinestrol""]"
remdesivir,"[""Remdesivir""]"
risperidone,"[""Risperidone""]"
ritodrine,"[""Ritodrine""]"
ritonavir,"[""Ritonavir""]"
salmeterol,"[""Salmeterol""]"
saquinavir,"[""Saquinavir""]"
sermorelin,"[""Sermorelin""]"
sirolimus,"[""Sirolimus""]"
somapacitan,"[""Somapacitan""]"
somatrem,"[""Somatrem""]"
somatotropin,"[""Somatotropin""]"
sparfloxacin,"[""Sparfloxacin""]"
tacrolimus,"[""Tacrolimus""]"
tagraxofusp,"[""Tagraxofusp""]"
temsirolimus,"[""Temsirolimus""]"
teprotumumab,"[""Teprotumumab""]"
terbutaline,"[""Terbutaline""]"
teriflunomide,"[""Teriflunomide""]"
tesamorelin,"[""Tesamorelin""]"
thiethylperazine,"[""Thiethylperazine""]"
tioguanine,"[""Tioguanine""]"
thioridazine,"[""Thioridazine""]"
thyroid porcine,"[""Thyroid, porcine""]"
thyrotropin alfa,"[""Thyrotropin alfa""]"
tipranavir,"[""Tipranavir""]"
torasemide,"[""Torasemide""]"
trabectedin,"[""Trabectedin""]"
triamcinolone ophthalmic,"[""Triamcinolone (ophthalmic)""]"
triamcinolone topical,"[""Triamcinolone (topical)""]"
trichlormethiazide,"[""Trichlormethiazide""]"
trifluoperazine,"[""Trifluoperazine""]"
triflupromazine,"[""Triflupromazine""]"
alimemazine,"[""Alimemazine""]"
triptorelin,"[""Triptorelin""]"
trovafloxacin,"[""Trovafloxacin""]"
turmeric,"[""Turmeric""]"
vorinostat,"[""Vorinostat""]"
warfarin,"[""Warfarin""]"
ziprasidone,"[""Ziprasidone""]"
lidocaine,"[""Lidocaine""]"
obeticholic acid,"[""Obeticholic acid""]"
acetohexamide,"[""Acetohexamide""]"
alogliptin,"[""Alogliptin""]"
chlorpheniramine,"[""Chlorpheniramine""]"
atropine ophthalmic,"[""Atropine (ophthalmic)""]"
canagliflozin,"[""Canagliflozin""]"
chlorpropamide,"[""Chlorpropamide""]"
dapagliflozin,"[""Dapagliflozin""]"
dulaglutide,"[""Dulaglutide""]"
empagliflozin,"[""Empagliflozin""]"
ertugliflozin,"[""Ertugliflozin""]"
exenatide,"[""Exenatide""]"
glimepiride,"[""Glimepiride""]"
glipizide,"[""Glipizide""]"
glycopyrronium topical,"[""Glycopyrronium (topical)""]"
insulin human,"[""Insulin human""]"
insulin aspart aspart,"[""Insulin aspart (aspart)""]"
insulin aspart aspart protamine,"[""Insulin aspart (aspart protamine)""]"
insulin degludec,"[""Insulin degludec""]"
insulin detemir,"[""Insulin detemir""]"
insulin glargine,"[""Insulin glargine""]"
insulin glulisine,"[""Insulin glulisine""]"
insulin human inhalation rapid acting,"[""Insulin human (inhalation, rapid acting)""]"
insulin human isophane,"[""Insulin human (isophane)""]"
insulin lispro,"[""Insulin lispro""]"
insulin lispro protamine,"[""Insulin lispro (protamine)""]"
insulin human regular,"[""Insulin human (regular)""]"
insulin human zinc,"[""Insulin human (zinc)""]"
insulin human zinc extended,"[""Insulin human (zinc extended)""]"
liraglutide,"[""Liraglutide""]"
lixisenatide,"[""Lixisenatide""]"
miglitol,"[""Miglitol""]"
potassium chloride,"[""Potassium chloride""]"
potassium citrate,"[""Potassium citrate""]"
scopolamine ophthalmic,"[""Scopolamine (ophthalmic)""]"
semaglutide,"[""Semaglutide""]"
sitagliptin,"[""Sitagliptin""]"
tolazamide,"[""Tolazamide""]"
tolbutamide,"[""Tolbutamide""]"
dextromethorphan,"[""Dextromethorphan""]"
acebutolol,"[""Acebutolol""]"
acetaminophen,"[""Acetaminophen""]"
caffeine,"[""Caffeine""]"
dihydrocodeine,"[""Dihydrocodeine""]"
codeine,"[""Codeine""]"
isometheptene,"[""Isometheptene""]"
amphetamine,"[""Amphetamine""]"
arformoterol,"[""Arformoterol""]"
atomoxetine,"[""Atomoxetine""]"
bromocriptine,"[""Bromocriptine""]"
dexmethylphenidate,"[""Dexmethylphenidate""]"
dextroamphetamine,"[""Dextroamphetamine""]"
dihydroergotamine,"[""Dihydroergotamine""]"
doxapram,"[""Doxapram""]"
dichloralphenazone,"[""Dichloralphenazone""]"
droxidopa,"[""Droxidopa""]"
ergometrine,"[""Ergometrine""]"
ergotamine,"[""Ergotamine""]"
guanethidine,"[""Guanethidine""]"
iobenguane i 123,"[""Iobenguane (I-123)""]"
isocarboxazid,"[""Isocarboxazid""]"
isoetharine,"[""Isoetharine""]"
levosalbutamol,"[""Levosalbutamol""]"
levomilnacipran,"[""Levomilnacipran""]"
linezolid,"[""Linezolid""]"
lisdexamfetamine,"[""Lisdexamfetamine""]"
methylene blue,"[""Methylene blue""]"
methylergometrine,"[""Methylergometrine""]"
methylphenidate,"[""Methylphenidate""]"
methysergide,"[""Methysergide""]"
midodrine,"[""Midodrine""]"
milnacipran,"[""Milnacipran""]"
olodaterol,"[""Olodaterol""]"
oxytocin,"[""Oxytocin""]"
ozanimod,"[""Ozanimod""]"
phenelzine,"[""Phenelzine""]"
pirbuterol,"[""Pirbuterol""]"
procarbazine,"[""Procarbazine""]"
racepinephrine,"[""Racepinephrine""]"
safinamide,"[""Safinamide""]"
selegiline,"[""Selegiline""]"
solriamfetol,"[""Solriamfetol""]"
tranylcypromine,"[""Tranylcypromine""]"
venlafaxine,"[""Venlafaxine""]"
tramadol,"[""Tramadol""]"
amphotericin b liposomal,"[""Amphotericin B (liposomal)""]"
beclomethasone dipropionate,"[""Beclomethasone dipropionate""]"
acetylcholine,"[""Acetylcholine""]"
acetylcysteine,"[""Acetylcysteine""]"
abarelix,"[""Abarelix""]"
adenosine,"[""Adenosine""]"
alendronic acid,"[""Alendronic acid""]"
alfuzosin,"[""Alfuzosin""]"
aminophylline,"[""Aminophylline""]"
amiodarone,"[""Amiodarone""]"
amisulpride,"[""Amisulpride""]"
amitriptyline,"[""Amitriptyline""]"
amoxapine,"[""Amoxapine""]"
anagrelide,"[""Anagrelide""]"
apalutamide,"[""Apalutamide""]"
apomorphine,"[""Apomorphine""]"
arsenic trioxide,"[""Arsenic trioxide""]"
astemizole,"[""Astemizole""]"
axitinib,"[""Axitinib""]"
azithromycin,"[""Azithromycin""]"
bacampicillin,"[""Bacampicillin""]"
bepridil,"[""Bepridil""]"
bicalutamide,"[""Bicalutamide""]"
bosutinib,"[""Bosutinib""]"
buprenorphine,"[""Buprenorphine""]"
cefditoren,"[""Cefditoren""]"
cefpodoxime,"[""Cefpodoxime""]"
cefuroxime,"[""Cefuroxime""]"
chloroquine,"[""Chloroquine""]"
citalopram,"[""Citalopram""]"
clofazimine,"[""Clofazimine""]"
clomipramine,"[""Clomipramine""]"
crizotinib,"[""Crizotinib""]"
cyanocobalamin,"[""Cyanocobalamin""]"
dacomitinib,"[""Dacomitinib""]"
dasatinib,"[""Dasatinib""]"
daunorubicin,"[""Daunorubicin""]"
daunorubicin liposomal,"[""Daunorubicin (liposomal)""]"
degarelix,"[""Degarelix""]"
delavirdine,"[""Delavirdine""]"
desipramine,"[""Desipramine""]"
deutetrabenazine,"[""Deutetrabenazine""]"
diclofenac,"[""Diclofenac""]"
disopyramide,"[""Disopyramide""]"
dofetilide,"[""Dofetilide""]"
donepezil,"[""Donepezil""]"
doxepin,"[""Doxepin""]"
doxepin topical,"[""Doxepin (topical)""]"
doxorubicin,"[""Doxorubicin""]"
doxorubicin liposomal,"[""Doxorubicin (liposomal)""]"
dronedarone,"[""Dronedarone""]"
droperidol,"[""Droperidol""]"
duloxetine,"[""Duloxetine""]"
encorafenib,"[""Encorafenib""]"
entecavir,"[""Entecavir""]"
entrectinib,"[""Entrectinib""]"
enzalutamide,"[""Enzalutamide""]"
eribulin,"[""Eribulin""]"
erlotinib,"[""Erlotinib""]"
erythromycin,"[""Erythromycin""]"
escitalopram,"[""Escitalopram""]"
etodolac,"[""Etodolac""]"
ezogabine,"[""Ezogabine""]"
fenoprofen,"[""Fenoprofen""]"
fingolimod,"[""Fingolimod""]"
flecainide,"[""Flecainide""]"
fluconazole,"[""Fluconazole""]"
fluoxetine,"[""Fluoxetine""]"
flurbiprofen,"[""Flurbiprofen""]"
flutamide,"[""Flutamide""]"
foscarnet,"[""Foscarnet""]"
fostemsavir,"[""Fostemsavir""]"
galantamine,"[""Galantamine""]"
gefitinib,"[""Gefitinib""]"
gilteritinib,"[""Gilteritinib""]"
glasdegib,"[""Glasdegib""]"
halofantrine,"[""Halofantrine""]"
haloperidol,"[""Haloperidol""]"
halothane,"[""Halothane""]"
hydroxychloroquine,"[""Hydroxychloroquine""]"
hydroxyzine,"[""Hydroxyzine""]"
ibuprofen,"[""Ibuprofen""]"
ibutilide,"[""Ibutilide""]"
idarubicin,"[""Idarubicin""]"
imipramine,"[""Imipramine""]"
indomethacin,"[""Indomethacin""]"
inotuzumab ozogamicin,"[""Inotuzumab ozogamicin""]"
itraconazole,"[""Itraconazole""]"
ivabradine,"[""Ivabradine""]"
ivosidenib,"[""Ivosidenib""]"
ketoconazole,"[""Ketoconazole""]"
ketoprofen,"[""Ketoprofen""]"
ketorolac,"[""Ketorolac""]"
lapatinib,"[""Lapatinib""]"
lasmiditan,"[""Lasmiditan""]"
lefamulin,"[""Lefamulin""]"
lenvatinib,"[""Lenvatinib""]"
levacetylmethadol,"[""Levacetylmethadol""]"
lofexidine,"[""Lofexidine""]"
maprotiline,"[""Maprotiline""]"
meclofenamic acid,"[""Meclofenamic acid""]"
mefenamic acid,"[""Mefenamic acid""]"
mefloquine,"[""Mefloquine""]"
methadone,"[""Methadone""]"
mecobalamin,"[""Mecobalamin""]"
mifepristone,"[""Mifepristone""]"
mirtazapine,"[""Mirtazapine""]"
naproxen,"[""Naproxen""]"
neratinib,"[""Neratinib""]"
nicotine,"[""Nicotine""]"
nilotinib,"[""Nilotinib""]"
nilutamide,"[""Nilutamide""]"
nortriptyline,"[""Nortriptyline""]"
oliceridine,"[""Oliceridine""]"
osilodrostat,"[""Osilodrostat""]"
osimertinib,"[""Osimertinib""]"
oxaliplatin,"[""Oxaliplatin""]"
oxaprozin,"[""Oxaprozin""]"
oxtriphylline,"[""Oxtriphylline""]"
panobinostat,"[""Panobinostat""]"
pazopanib,"[""Pazopanib""]"
pemetrexed,"[""Pemetrexed""]"
pimavanserin,"[""Pimavanserin""]"
pimozide,"[""Pimozide""]"
piroxicam,"[""Piroxicam""]"
pitolisant,"[""Pitolisant""]"
ponatinib,"[""Ponatinib""]"
posaconazole,"[""Posaconazole""]"
prasugrel,"[""Prasugrel""]"
primaquine,"[""Primaquine""]"
probenecid,"[""Probenecid""]"
probucol,"[""Probucol""]"
procainamide,"[""Procainamide""]"
propafenone,"[""Propafenone""]"
propofol,"[""Propofol""]"
dextropropoxyphene,"[""Dextropropoxyphene""]"
protriptyline,"[""Protriptyline""]"
quinidine,"[""Quinidine""]"
quinine,"[""Quinine""]"
raltegravir,"[""Raltegravir""]"
ramelteon,"[""Ramelteon""]"
ranolazine,"[""Ranolazine""]"
ribociclib,"[""Ribociclib""]"
rilpivirine,"[""Rilpivirine""]"
rivastigmine,"[""Rivastigmine""]"
romidepsin,"[""Romidepsin""]"
rucaparib,"[""Rucaparib""]"
selpercatinib,"[""Selpercatinib""]"
sertraline,"[""Sertraline""]"
sevoflurane,"[""Sevoflurane""]"
siponimod,"[""Siponimod""]"
sodium bicarbonate,"[""Sodium bicarbonate""]"
solifenacin,"[""Solifenacin""]"
sonidegib,"[""Sonidegib""]"
sorafenib,"[""Sorafenib""]"
sotalol,"[""Sotalol""]"
sulfamethoxazole,"[""Sulfamethoxazole""]"
sulindac,"[""Sulindac""]"
sunitinib,"[""Sunitinib""]"
tacrine,"[""Tacrine""]"
tamoxifen,"[""Tamoxifen""]"
telavancin,"[""Telavancin""]"
telithromycin,"[""Telithromycin""]"
terfenadine,"[""Terfenadine""]"
tetrabenazine,"[""Tetrabenazine""]"
thalidomide,"[""Thalidomide""]"
theophylline,"[""Theophylline""]"
tizanidine,"[""Tizanidine""]"
tolmetin,"[""Tolmetin""]"
toremifene,"[""Toremifene""]"
trazodone,"[""Trazodone""]"
triamterene,"[""Triamterene""]"
triclabendazole,"[""Triclabendazole""]"
trimipramine,"[""Trimipramine""]"
valbenazine,"[""Valbenazine""]"
vandetanib,"[""Vandetanib""]"
vardenafil,"[""Vardenafil""]"
vasopressin,"[""Vasopressin""]"
vemurafenib,"[""Vemurafenib""]"
vismodegib,"[""Vismodegib""]"
voriconazole,"[""Voriconazole""]"
atracurium,"[""Atracurium""]"
cisatracurium,"[""Cisatracurium""]"
cyclosporine,"[""Cyclosporine""]"
didanosine,"[""Didanosine""]"
doxacurium,"[""Doxacurium""]"
etravirine,"[""Etravirine""]"
flibanserin,"[""Flibanserin""]"
lemborexant,"[""Lemborexant""]"
memantine,"[""Memantine""]"
metocurine,"[""Metocurine""]"
midazolam,"[""Midazolam""]"
mivacurium,"[""Mivacurium""]"
nabumetone,"[""Nabumetone""]"
nifedipine,"[""Nifedipine""]"
pancuronium,"[""Pancuronium""]"
physostigmine,"[""Physostigmine""]"
pipecuronium,"[""Pipecuronium""]"
porfimer sodium,"[""Porfimer sodium""]"
pramipexole,"[""Pramipexole""]"
rapacuronium,"[""Rapacuronium""]"
rocuronium,"[""Rocuronium""]"
succinylcholine,"[""Succinylcholine""]"
triazolam,"[""Triazolam""]"
tubocurarine,"[""Tubocurarine""]"
vecuronium,"[""Vecuronium""]"
amikacin,"[""Amikacin""]"
amikacin liposome,"[""Amikacin (liposome)""]"
armodafinil,"[""Armodafinil""]"
capmatinib,"[""Capmatinib""]"
capreomycin,"[""Capreomycin""]"
carboplatin,"[""Carboplatin""]"
cetuximab,"[""Cetuximab""]"
choline salicylate,"[""Choline salicylate""]"
cisplatin,"[""Cisplatin""]"
clopidogrel,"[""Clopidogrel""]"
conivaptan,"[""Conivaptan""]"
deferasirox,"[""Deferasirox""]"
echinacea,"[""Echinacea""]"
fedratinib,"[""Fedratinib""]"
ferrous fumarate,"[""Ferrous fumarate""]"
ferrous gluconate,"[""Ferrous gluconate""]"
ferrous sulfate anhydrous,"[""Ferrous sulfate anhydrous""]"
fluvoxamine,"[""Fluvoxamine""]"
fosaprepitant,"[""Fosaprepitant""]"
fostamatinib,"[""Fostamatinib""]"
gentamicin,"[""Gentamicin""]"
iron protein succinylate,"[""Iron protein succinylate""]"
linaclotide,"[""Linaclotide""]"
modafinil,"[""Modafinil""]"
mycophenolate mofetil,"[""Mycophenolate mofetil""]"
netilmicin,"[""Netilmicin""]"
nevirapine,"[""Nevirapine""]"
panitumumab,"[""Panitumumab""]"
paromomycin,"[""Paromomycin""]"
patiromer,"[""Patiromer""]"
plazomicin,"[""Plazomicin""]"
rifampicin,"[""Rifampicin""]"
rifapentine,"[""Rifapentine""]"
riociguat,"[""Riociguat""]"
salsalate,"[""Salsalate""]"
tolevamer,"[""Tolevamer""]"
salicylic acid sodium,"[""Salicylic acid (sodium)""]"
st john s wort,"[""St. John's Wort""]"
stiripentol,"[""Stiripentol""]"
tobramycin,"[""Tobramycin""]"
acitretin,"[""Acitretin""]"
aclidinium,"[""Aclidinium""]"
prucalopride,"[""Prucalopride""]"
ephedrine nasal,"[""Ephedrine (nasal)""]"
epinephrine ophthalmic,"[""Epinephrine (ophthalmic)""]"
epinephrine topical,"[""Epinephrine (topical)""]"
acrivastine,"[""Acrivastine""]"
amiloride,"[""Amiloride""]"
aminolevulinic acid,"[""Aminolevulinic acid""]"
aminolevulinic acid topical,"[""Aminolevulinic acid (topical)""]"
amobarbital,"[""Amobarbital""]"
amoxicillin,"[""Amoxicillin""]"
ampicillin,"[""Ampicillin""]"
balsalazide,"[""Balsalazide""]"
bifidobacterium longum infantis,"[""Bifidobacterium longum infantis""]"
bismuth subcitrate potassium,"[""Bismuth subcitrate potassium""]"
bismuth subgallate,"[""Bismuth subgallate""]"
bismuth subsalicylate,"[""Bismuth subsalicylate""]"
butabarbital,"[""Butabarbital""]"
butalbital,"[""Butalbital""]"
calcium chloride,"[""Calcium chloride""]"
calcium glucoheptonate,"[""Calcium glucoheptonate""]"
carbamazepine,"[""Carbamazepine""]"
carbenicillin,"[""Carbenicillin""]"
vibrio cholerae cvd 103 hgr strain live antigen live,"[""Vibrio cholerae CVD 103-HgR strain live antigen (live)""]"
cloxacillin,"[""Cloxacillin""]"
colestipol,"[""Colestipol""]"
collagenase clostridium histolyticum,"[""Collagenase clostridium histolyticum""]"
dicloxacillin,"[""Dicloxacillin""]"
ethotoin,"[""Ethotoin""]"
tetraferric tricitrate decahydrate,"[""Tetraferric tricitrate decahydrate""]"
indium in 111 oxyquinoline,"[""Indium In-111 oxyquinoline""]"
isosorbide,"[""Isosorbide""]"
lactobacillus acidophilus,"[""Lactobacillus acidophilus""]"
lanthanum carbonate,"[""Lanthanum carbonate""]"
magnesium glycinate,"[""Magnesium glycinate""]"
mephenytoin,"[""Mephenytoin""]"
methylphenobarbital,"[""Methylphenobarbital""]"
meticillin,"[""Meticillin""]"
methohexital,"[""Methohexital""]"
methoxsalen,"[""Methoxsalen""]"
methoxyflurane,"[""Methoxyflurane""]"
methyl aminolevulinate topical,"[""Methyl aminolevulinate (topical)""]"
mezlocillin,"[""Mezlocillin""]"
mycophenolic acid,"[""Mycophenolic acid""]"
nafcillin,"[""Nafcillin""]"
oxacillin,"[""Oxacillin""]"
benzylpenicillin,"[""Benzylpenicillin""]"
benzylpenicillin potassium,"[""Benzylpenicillin (potassium)""]"
benzylpenicillin sodium,"[""Benzylpenicillin (sodium)""]"
phenoxymethylpenicillin,"[""Phenoxymethylpenicillin""]"
pentobarbital,"[""Pentobarbital""]"
phenobarbital,"[""Phenobarbital""]"
piperacillin,"[""Piperacillin""]"
primidone,"[""Primidone""]"
quinapril,"[""Quinapril""]"
rifabutin,"[""Rifabutin""]"
secobarbital,"[""Secobarbital""]"
sodium acetate,"[""Sodium acetate""]"
sodium citrate,"[""Sodium citrate""]"
lactic acid,"[""Lactic acid""]"
spironolactone,"[""Spironolactone""]"
iron sucrose,"[""Iron sucrose""]"
thiopental,"[""Thiopental""]"
ticarcillin,"[""Ticarcillin""]"
tretinoin,"[""Tretinoin""]"
tromethamine,"[""Tromethamine""]"
typhoid vaccine live,"[""Typhoid vaccine (live)""]"
verteporfin,"[""Verteporfin""]"
mesalazine,"[""Mesalazine""]"
olsalazine,"[""Olsalazine""]"
potassium bicarbonate,"[""Potassium bicarbonate""]"
potassium gluconate,"[""Potassium gluconate""]"
sulfasalazine,"[""Sulfasalazine""]"
vancomycin,"[""Vancomycin""]"
ketorolac ophthalmic,"[""Ketorolac (ophthalmic)""]"
prednisolone ophthalmic,"[""Prednisolone (ophthalmic)""]"
acyclovir,"[""Acyclovir""]"
clostridium tetani toxoid antigen formaldehyde inactivated,"[""Clostridium tetani toxoid antigen (formaldehyde inactivated)""]"
budesonide nasal,"[""Budesonide (nasal)""]"
fidaxomicin,"[""Fidaxomicin""]"
adalimumab,"[""Adalimumab""]"
trastuzumab emtansine,"[""Trastuzumab emtansine""]"
atenolol,"[""Atenolol""]"
betaxolol,"[""Betaxolol""]"
betaxolol ophthalmic,"[""Betaxolol (ophthalmic)""]"
bisoprolol,"[""Bisoprolol""]"
carteolol,"[""Carteolol""]"
carteolol ophthalmic,"[""Carteolol (ophthalmic)""]"
carvedilol,"[""Carvedilol""]"
cocaine nasal,"[""Cocaine (nasal)""]"
cocaine topical,"[""Cocaine (topical)""]"
deserpidine,"[""Deserpidine""]"
desflurane,"[""Desflurane""]"
desmopressin,"[""Desmopressin""]"
desvenlafaxine,"[""Desvenlafaxine""]"
enflurane,"[""Enflurane""]"
entacapone,"[""Entacapone""]"
epoprostenol,"[""Epoprostenol""]"
esmolol,"[""Esmolol""]"
guanadrel,"[""Guanadrel""]"
iloprost,"[""Iloprost""]"
isoflurane,"[""Isoflurane""]"
labetalol,"[""Labetalol""]"
levobetaxolol ophthalmic,"[""Levobetaxolol (ophthalmic)""]"
levobunolol ophthalmic,"[""Levobunolol (ophthalmic)""]"
levodopa,"[""Levodopa""]"
loxapine,"[""Loxapine""]"
mecamylamine,"[""Mecamylamine""]"
methyldopa,"[""Methyldopa""]"
metipranolol ophthalmic,"[""Metipranolol (ophthalmic)""]"
metoprolol,"[""Metoprolol""]"
molindone,"[""Molindone""]"
nadolol,"[""Nadolol""]"
nebivolol,"[""Nebivolol""]"
opicapone,"[""Opicapone""]"
penbutolol,"[""Penbutolol""]"
pindolol,"[""Pindolol""]"
propranolol,"[""Propranolol""]"
rasagiline,"[""Rasagiline""]"
reserpine,"[""Reserpine""]"
selexipag,"[""Selexipag""]"
tapentadol,"[""Tapentadol""]"
thiothixene,"[""Thiothixene""]"
timolol,"[""Timolol""]"
timolol ophthalmic,"[""Timolol (ophthalmic)""]"
tolcapone,"[""Tolcapone""]"
treprostinil,"[""Treprostinil""]"
antihemophilic factor human recombinant,"[""Antihemophilic factor, human recombinant""]"
pegvaliase,"[""Pegvaliase""]"
flunisolide,"[""Flunisolide""]"
afatinib,"[""Afatinib""]"
chenodeoxycholic acid,"[""Chenodeoxycholic acid""]"
tegaserod,"[""Tegaserod""]"
agalsidase beta,"[""Agalsidase beta""]"
migalastat,"[""Migalastat""]"
human adenovirus e serotype 4 strain cl 68578 antigen,"[""Human adenovirus e serotype 4 strain cl-68578 antigen""]"
aldesleukin,"[""Aldesleukin""]"
alefacept,"[""Alefacept""]"
alemtuzumab,"[""Alemtuzumab""]"
aliskiren,"[""Aliskiren""]"
ambenonium,"[""Ambenonium""]"
amifampridine,"[""Amifampridine""]"
amlodipine,"[""Amlodipine""]"
anakinra,"[""Anakinra""]"
anthrax vaccine,"[""Anthrax vaccine""]"
atezolizumab,"[""Atezolizumab""]"
azilsartan medoxomil,"[""Azilsartan medoxomil""]"
baricitinib,"[""Baricitinib""]"
bacillus calmette guerin substrain tice live antigen,"[""Bacillus calmette-guerin substrain tice live antigen""]"
bempedoic acid,"[""Bempedoic acid""]"
benazepril,"[""Benazepril""]"
bexarotene,"[""Bexarotene""]"
boceprevir,"[""Boceprevir""]"
bosentan,"[""Bosentan""]"
bromfenac,"[""Bromfenac""]"
canakinumab,"[""Canakinumab""]"
candida albicans,"[""Candida albicans""]"
captopril,"[""Captopril""]"
frangula purshiana bark,"[""Frangula purshiana bark""]"
celecoxib,"[""Celecoxib""]"
cemiplimab,"[""Cemiplimab""]"
cenobamate,"[""Cenobamate""]"
certolizumab pegol,"[""Certolizumab pegol""]"
vibrio cholerae cvd 103 hgr strain live antigen,"[""Vibrio cholerae CVD 103-HgR strain live antigen""]"
cholestyramine,"[""Cholestyramine""]"
cladribine,"[""Cladribine""]"
clevidipine,"[""Clevidipine""]"
clonidine,"[""Clonidine""]"
cobicistat,"[""Cobicistat""]"
coccidioides immitis spherule,"[""Coccidioides immitis spherule""]"
colesevelam,"[""Colesevelam""]"
denosumab,"[""Denosumab""]"
desirudin,"[""Desirudin""]"
diflunisal,"[""Diflunisal""]"
diltiazem,"[""Diltiazem""]"
dimethyl fumarate,"[""Dimethyl fumarate""]"
dinutuximab,"[""Dinutuximab""]"
diroximel fumarate,"[""Diroximel fumarate""]"
doxazosin,"[""Doxazosin""]"
durvalumab,"[""Durvalumab""]"
duvelisib,"[""Duvelisib""]"
edrophonium,"[""Edrophonium""]"
efalizumab,"[""Efalizumab""]"
enalapril,"[""Enalapril""]"
eplerenone,"[""Eplerenone""]"
eprosartan,"[""Eprosartan""]"
etanercept,"[""Etanercept""]"
felodipine,"[""Felodipine""]"
fenoldopam,"[""Fenoldopam""]"
fluoxymesterone,"[""Fluoxymesterone""]"
fosinopril,"[""Fosinopril""]"
gallium chloride ga 67,"[""Gallium chloride Ga-67""]"
golimumab,"[""Golimumab""]"
guanabenz,"[""Guanabenz""]"
guanfacine,"[""Guanfacine""]"
hepatitis a vaccine,"[""Hepatitis A Vaccine""]"
hepatitis b vaccine recombinant,"[""Hepatitis B Vaccine (Recombinant)""]"
human papillomavirus type 11 l1 capsid protein antigen,"[""Human papillomavirus type 11 L1 capsid protein antigen""]"
hyaluronidase,"[""Hyaluronidase""]"
hydralazine,"[""Hydralazine""]"
imatinib,"[""Imatinib""]"
infliximab,"[""Infliximab""]"
influenza a virus a california 7 2009 h1n1 like antigen propiolactone inactivated,"[""Influenza A virus A/California/7/2009 (H1N1)-like antigen (propiolactone inactivated)""]"
influenza a virus a vietnam 1194 2004 h5n1 antigen formaldehyde inactivated,"[""Influenza A virus A/Vietnam/1194/2004 (H5N1) antigen (formaldehyde inactivated)""]"
iohexol,"[""Iohexol""]"
iopamidol,"[""Iopamidol""]"
ipilimumab,"[""Ipilimumab""]"
irbesartan,"[""Irbesartan""]"
isavuconazonium,"[""Isavuconazonium""]"
isradipine,"[""Isradipine""]"
ivacaftor,"[""Ivacaftor""]"
larotrectinib,"[""Larotrectinib""]"
letermovir,"[""Letermovir""]"
levamlodipine,"[""Levamlodipine""]"
licorice,"[""Licorice""]"
lisinopril,"[""Lisinopril""]"
lonafarnib,"[""Lonafarnib""]"
lorlatinib,"[""Lorlatinib""]"
losartan,"[""Losartan""]"
lusutrombopag,"[""Lusutrombopag""]"
lyme disease vaccine recombinant ospa,"[""Lyme disease vaccine (recombinant OspA)""]"
macimorelin,"[""Macimorelin""]"
measles virus vaccine live attenuated,"[""Measles virus vaccine live attenuated""]"
meloxicam,"[""Meloxicam""]"
meningococcal polysaccharide vaccine group c,"[""Meningococcal polysaccharide vaccine group C""]"
methyltestosterone,"[""Methyltestosterone""]"
minoxidil,"[""Minoxidil""]"
moexipril,"[""Moexipril""]"
monomethyl fumarate,"[""Monomethyl fumarate""]"
mumps virus strain b level jeryl lynn live antigen,"[""Mumps virus strain B level jeryl lynn live antigen""]"
natalizumab,"[""Natalizumab""]"
nefazodone,"[""Nefazodone""]"
neostigmine,"[""Neostigmine""]"
nicardipine,"[""Nicardipine""]"
nisoldipine,"[""Nisoldipine""]"
nitroprusside,"[""Nitroprusside""]"
nivolumab,"[""Nivolumab""]"
ocrelizumab,"[""Ocrelizumab""]"
olmesartan,"[""Olmesartan""]"
oxandrolone,"[""Oxandrolone""]"
oxcarbazepine,"[""Oxcarbazepine""]"
oxymetholone,"[""Oxymetholone""]"
pembrolizumab,"[""Pembrolizumab""]"
perindopril,"[""Perindopril""]"
phenylbutazone,"[""Phenylbutazone""]"
poliovirus type 1 antigen formaldehyde inactivated,"[""Poliovirus type 1 antigen (formaldehyde inactivated)""]"
prazosin,"[""Prazosin""]"
pyridostigmine,"[""Pyridostigmine""]"
ramipril,"[""Ramipril""]"
rilonacept,"[""Rilonacept""]"
rofecoxib,"[""Rofecoxib""]"
roflumilast,"[""Roflumilast""]"
romosozumab,"[""Romosozumab""]"
rotavirus vaccine,"[""Rotavirus vaccine""]"
rubella virus vaccine,"[""Rubella virus vaccine""]"
rufinamide,"[""Rufinamide""]"
pfizer biontech covid 19 vaccine,"[""Pfizer-BioNTech Covid-19 Vaccine""]"
sipuleucel t,"[""Sipuleucel-T""]"
smallpox vaccinia vaccine live,"[""Smallpox (Vaccinia) Vaccine, Live""]"
iodide i 123,"[""Iodide I-123""]"
iodide i 131,"[""Iodide I-131""]"
phenylbutyric acid,"[""Phenylbutyric acid""]"
stanozolol,"[""Stanozolol""]"
talimogene laherparepvec,"[""Talimogene laherparepvec""]"
tazemetostat,"[""Tazemetostat""]"
telaprevir,"[""Telaprevir""]"
telbivudine,"[""Telbivudine""]"
telmisartan,"[""Telmisartan""]"
telotristat ethyl,"[""Telotristat ethyl""]"
terazosin,"[""Terazosin""]"
testosterone,"[""Testosterone""]"
testosterone topical,"[""Testosterone (topical)""]"
ticlopidine,"[""Ticlopidine""]"
tofacitinib,"[""Tofacitinib""]"
trandolapril,"[""Trandolapril""]"
trichophyton mentagrophytes,"[""Trichophyton mentagrophytes""]"
trimethaphan,"[""Trimethaphan""]"
troleandomycin,"[""Troleandomycin""]"
tuberculin purified protein derivative,"[""Tuberculin purified protein derivative""]"
tucatinib,"[""Tucatinib""]"
typhoid vaccine inactivated,"[""Typhoid vaccine (inactivated)""]"
upadacitinib,"[""Upadacitinib""]"
ustekinumab,"[""Ustekinumab""]"
valdecoxib,"[""Valdecoxib""]"
valsartan,"[""Valsartan""]"
varicella zoster vaccine recombinant,"[""Varicella Zoster Vaccine (Recombinant)""]"
verapamil,"[""Verapamil""]"
vigabatrin,"[""Vigabatrin""]"
vitamin e,"[""Vitamin E""]"
voxelotor,"[""Voxelotor""]"
yellow fever vaccine,"[""Yellow Fever Vaccine""]"
zinc chloride,"[""Zinc chloride""]"
loratadine,"[""Loratadine""]"
albendazole,"[""Albendazole""]"
metronidazole topical,"[""Metronidazole (topical)""]"
alectinib,"[""Alectinib""]"
cholecalciferol,"[""Cholecalciferol""]"
calcifediol,"[""Calcifediol""]"
calcipotriol topical,"[""Calcipotriol (topical)""]"
calcitriol,"[""Calcitriol""]"
dihydrotachysterol,"[""Dihydrotachysterol""]"
doxercalciferol,"[""Doxercalciferol""]"
erdafitinib,"[""Erdafitinib""]"
ergocalciferol,"[""Ergocalciferol""]"
felbamate,"[""Felbamate""]"
paricalcitol,"[""Paricalcitol""]"
sevelamer,"[""Sevelamer""]"
alfentanil,"[""Alfentanil""]"
fondaparinux,"[""Fondaparinux""]"
fosfomycin,"[""Fosfomycin""]"
frovatriptan,"[""Frovatriptan""]"
gabapentin,"[""Gabapentin""]"
gallium nitrate,"[""Gallium nitrate""]"
ganciclovir,"[""Ganciclovir""]"
gemfibrozil,"[""Gemfibrozil""]"
phenyltoloxamine,"[""Phenyltoloxamine""]"
nitazoxanide,"[""Nitazoxanide""]"
zonisamide,"[""Zonisamide""]"
cetirizine,"[""Cetirizine""]"
allopurinol,"[""Allopurinol""]"
almotriptan,"[""Almotriptan""]"
cephalexin,"[""Cephalexin""]"
daclatasvir,"[""Daclatasvir""]"
dalfampridine,"[""Dalfampridine""]"
diatrizoate,"[""Diatrizoate""]"
diamorphine,"[""Diamorphine""]"
iodipamide,"[""Iodipamide""]"
iodixanol,"[""Iodixanol""]"
iopromide,"[""Iopromide""]"
iothalamic acid,"[""Iothalamic acid""]"
ioversol,"[""Ioversol""]"
ioxilan,"[""Ioxilan""]"
lamotrigine,"[""Lamotrigine""]"
olaparib,"[""Olaparib""]"
ospemifene,"[""Ospemifene""]"
risdiplam,"[""Risdiplam""]"
tafenoquine,"[""Tafenoquine""]"
topiramate,"[""Topiramate""]"
trimethoprim,"[""Trimethoprim""]"
aminoglutethimide,"[""Aminoglutethimide""]"
pregabalin,"[""Pregabalin""]"
ripretinib,"[""Ripretinib""]"
vilazodone,"[""Vilazodone""]"
givosiran,"[""Givosiran""]"
mexiletine,"[""Mexiletine""]"
niclosamide,"[""Niclosamide""]"
thiabendazole,"[""Thiabendazole""]"
zileuton,"[""Zileuton""]"
rifaximin,"[""Rifaximin""]"
coagulation factor ix human,"[""Coagulation Factor IX Human""]"
alprazolam,"[""Alprazolam""]"
teduglutide,"[""Teduglutide""]"
alprostadil,"[""Alprostadil""]"
sapropterin,"[""Sapropterin""]"
sumatriptan,"[""Sumatriptan""]"
tetracaine ophthalmic,"[""Tetracaine (ophthalmic)""]"
alteplase,"[""Alteplase""]"
altretamine,"[""Altretamine""]"
pyridoxine,"[""Pyridoxine""]"
butorphanol,"[""Butorphanol""]"
dezocine,"[""Dezocine""]"
hydrocodone,"[""Hydrocodone""]"
hydromorphone,"[""Hydromorphone""]"
levorphanol,"[""Levorphanol""]"
meperidine,"[""Meperidine""]"
methylnaltrexone,"[""Methylnaltrexone""]"
nalbuphine,"[""Nalbuphine""]"
oxycodone,"[""Oxycodone""]"
oxymorphone,"[""Oxymorphone""]"
pentazocine,"[""Pentazocine""]"
venetoclax,"[""Venetoclax""]"
amantadine,"[""Amantadine""]"
diclofenac topical,"[""Diclofenac (topical)""]"
lidocaine topical,"[""Lidocaine (topical)""]"
human botulinum neurotoxin a b immune globulin,"[""Human botulinum neurotoxin A/B immune globulin""]"
chlorambucil,"[""Chlorambucil""]"
cidofovir,"[""Cidofovir""]"
cyclophosphamide,"[""Cyclophosphamide""]"
human cytomegalovirus immune globulin,"[""Human cytomegalovirus immune globulin""]"
etidronic acid,"[""Etidronic acid""]"
flucytosine,"[""Flucytosine""]"
ibandronate,"[""Ibandronate""]"
ifosfamide,"[""Ifosfamide""]"
human immunoglobulin g intravenous,"[""Human immunoglobulin G (intravenous)""]"
human immunoglobulin g intravenous and subcutaneous,"[""Human immunoglobulin G (intravenous and subcutaneous)""]"
inotersen,"[""Inotersen""]"
melphalan,"[""Melphalan""]"
micafungin,"[""Micafungin""]"
pamidronic acid,"[""Pamidronic acid""]"
radium ra 223 dichloride,"[""Radium Ra 223 dichloride""]"
human rho d immune globulin,"[""Human Rho(D) immune globulin""]"
sodium phosphate monobasic p32,"[""Sodium phosphate, monobasic (p32)""]"
strontium chloride sr 89,"[""Strontium chloride Sr-89""]"
uracil mustard,"[""Uracil mustard""]"
valganciclovir,"[""Valganciclovir""]"
zoledronic acid,"[""Zoledronic acid""]"
ambrisentan,"[""Ambrisentan""]"
amifostine,"[""Amifostine""]"
neomycin topical,"[""Neomycin (topical)""]"
doxycycline topical,"[""Doxycycline (topical)""]"
minocycline topical,"[""Minocycline (topical)""]"
tetracycline topical,"[""Tetracycline (topical)""]"
aminosalicylic acid,"[""Aminosalicylic acid""]"
chlordiazepoxide,"[""Chlordiazepoxide""]"
atorvastatin,"[""Atorvastatin""]"
demeclocycline,"[""Demeclocycline""]"
oxytetracycline,"[""Oxytetracycline""]"
sarecycline,"[""Sarecycline""]"
clavulanic acid,"[""Clavulanic acid""]"
glutamic acid,"[""Glutamic acid""]"
arbutamine,"[""Arbutamine""]"
azatadine,"[""Azatadine""]"
belladonna,"[""Belladonna""]"
benzatropine,"[""Benzatropine""]"
bethanechol,"[""Bethanechol""]"
biperiden,"[""Biperiden""]"
brexanolone,"[""Brexanolone""]"
brompheniramine,"[""Brompheniramine""]"
carbamoylcholine ophthalmic,"[""Carbamoylcholine (ophthalmic)""]"
carbinoxamine,"[""Carbinoxamine""]"
cevimeline,"[""Cevimeline""]"
chlorcyclizine,"[""Chlorcyclizine""]"
clemastine,"[""Clemastine""]"
cyclizine,"[""Cyclizine""]"
cyclobenzaprine,"[""Cyclobenzaprine""]"
cyproheptadine,"[""Cyproheptadine""]"
darifenacin,"[""Darifenacin""]"
demecarium ophthalmic,"[""Demecarium (ophthalmic)""]"
dexbrompheniramine,"[""Dexbrompheniramine""]"
dimenhydrinate,"[""Dimenhydrinate""]"
diphenhydramine,"[""Diphenhydramine""]"
doxylamine,"[""Doxylamine""]"
echothiophate ophthalmic,"[""Echothiophate (ophthalmic)""]"
fesoterodine,"[""Fesoterodine""]"
flavoxate,"[""Flavoxate""]"
guanidine,"[""Guanidine""]"
ipratropium,"[""Ipratropium""]"
ipratropium nasal,"[""Ipratropium (nasal)""]"
isoflurophate ophthalmic,"[""Isoflurophate (ophthalmic)""]"
meclizine,"[""Meclizine""]"
nitrofurantoin,"[""Nitrofurantoin""]"
nitroglycerin,"[""Nitroglycerin""]"
olopatadine nasal,"[""Olopatadine (nasal)""]"
orphenadrine,"[""Orphenadrine""]"
oxybutynin,"[""Oxybutynin""]"
phenindamine,"[""Phenindamine""]"
phenylephrine ophthalmic,"[""Phenylephrine (ophthalmic)""]"
physostigmine ophthalmic,"[""Physostigmine (ophthalmic)""]"
pilocarpine,"[""Pilocarpine""]"
pilocarpine ophthalmic,"[""Pilocarpine (ophthalmic)""]"
procyclidine,"[""Procyclidine""]"
mepyramine,"[""Mepyramine""]"
remifentanil,"[""Remifentanil""]"
revefenacin,"[""Revefenacin""]"
botulinum toxin type b,"[""Botulinum Toxin Type B""]"
secretin human,"[""Secretin human""]"
sufentanil,"[""Sufentanil""]"
tiotropium,"[""Tiotropium""]"
tolterodine,"[""Tolterodine""]"
trihexyphenidyl,"[""Trihexyphenidyl""]"
tripelennamine,"[""Tripelennamine""]"
triprolidine,"[""Triprolidine""]"
umeclidinium,"[""Umeclidinium""]"
omega 3 fatty acids,"[""Omega-3 fatty acids""]"
misoprostol,"[""Misoprostol""]"
apraclonidine,"[""Apraclonidine""]"
brimonidine ophthalmic,"[""Brimonidine (ophthalmic)""]"
brimonidine topical,"[""Brimonidine (topical)""]"
cabozantinib,"[""Cabozantinib""]"
elagolix,"[""Elagolix""]"
esketamine,"[""Esketamine""]"
ibrutinib,"[""Ibrutinib""]"
istradefylline,"[""Istradefylline""]"
levocetirizine,"[""Levocetirizine""]"
perflutren,"[""Perflutren""]"
ulipristal,"[""Ulipristal""]"
prilocaine topiclal,"[""Prilocaine (topiclal)""]"
fenofibrate,"[""Fenofibrate""]"
antithrombin iii human,"[""Antithrombin III human""]"
antithrombin alfa,"[""Antithrombin Alfa""]"
antilymphocyte immunoglobulin horse,"[""Antilymphocyte immunoglobulin (horse)""]"
antithymocyte immunoglobulin rabbit,"[""Antithymocyte immunoglobulin (rabbit)""]"
homatropine,"[""Homatropine""]"
apixaban,"[""Apixaban""]"
amyl nitrite,"[""Amyl Nitrite""]"
blinatumomab,"[""Blinatumomab""]"
cefiderocol,"[""Cefiderocol""]"
chloral hydrate,"[""Chloral hydrate""]"
chlormezanone,"[""Chlormezanone""]"
clobazam,"[""Clobazam""]"
clonazepam,"[""Clonazepam""]"
clorazepic acid,"[""Clorazepic acid""]"
cycloserine,"[""Cycloserine""]"
diazepam,"[""Diazepam""]"
valproic acid,"[""Valproic acid""]"
ertapenem,"[""Ertapenem""]"
estazolam,"[""Estazolam""]"
eszopiclone,"[""Eszopiclone""]"
ethchlorvynol,"[""Ethchlorvynol""]"
flurazepam,"[""Flurazepam""]"
ginkgo biloba,"[""Ginkgo biloba""]"
halazepam,"[""Halazepam""]"
interferon alfa 2a recombinant,"[""Interferon alfa-2a, Recombinant""]"
interferon alfa 2b,"[""Interferon alfa-2b""]"
interferon alfa n1,"[""Interferon alfa-n1""]"
interferon alfa n3,"[""Interferon alfa-n3""]"
interferon alfacon 1,"[""Interferon alfacon-1""]"
interferon gamma 1b,"[""Interferon gamma-1b""]"
iobenguane i 131,"[""Iobenguane (I-131)""]"
ioflupane i 123,"[""Ioflupane I-123""]"
isosorbide dinitrate,"[""Isosorbide dinitrate""]"
isosorbide mononitrate,"[""Isosorbide mononitrate""]"
lindane,"[""Lindane""]"
lorazepam,"[""Lorazepam""]"
meprobamate,"[""Meprobamate""]"
meropenem,"[""Meropenem""]"
muromonab,"[""Muromonab""]"
nelarabine,"[""Nelarabine""]"
nimodipine,"[""Nimodipine""]"
oxamniquine,"[""Oxamniquine""]"
oxazepam,"[""Oxazepam""]"
paraldehyde,"[""Paraldehyde""]"
paroxetine,"[""Paroxetine""]"
peginterferon alfa 2a,"[""Peginterferon alfa-2a""]"
peginterferon alfa 2b,"[""Peginterferon alfa-2b""]"
pemoline,"[""Pemoline""]"
phenoxybenzamine,"[""Phenoxybenzamine""]"
phentolamine,"[""Phentolamine""]"
piperazine,"[""Piperazine""]"
pirfenidone,"[""Pirfenidone""]"
quazepam,"[""Quazepam""]"
remimazolam,"[""Remimazolam""]"
rimantadine,"[""Rimantadine""]"
silodosin,"[""Silodosin""]"
sodium oxybate,"[""Sodium oxybate""]"
tamsulosin,"[""Tamsulosin""]"
temazepam,"[""Temazepam""]"
thiotepa,"[""Thiotepa""]"
vortioxetine,"[""Vortioxetine""]"
zaleplon,"[""Zaleplon""]"
zolpidem,"[""Zolpidem""]"
apremilast,"[""Apremilast""]"
avanafil,"[""Avanafil""]"
avapritinib,"[""Avapritinib""]"
bupivacaine,"[""Bupivacaine""]"
buspirone,"[""Buspirone""]"
busulfan,"[""Busulfan""]"
cabazitaxel,"[""Cabazitaxel""]"
cerivastatin,"[""Cerivastatin""]"
chloramphenicol,"[""Chloramphenicol""]"
cilostazol,"[""Cilostazol""]"
cobimetinib,"[""Cobimetinib""]"
colchicine,"[""Colchicine""]"
dapsone,"[""Dapsone""]"
darolutamide,"[""Darolutamide""]"
docetaxel,"[""Docetaxel""]"
doravirine,"[""Doravirine""]"
dutasteride,"[""Dutasteride""]"
eletriptan,"[""Eletriptan""]"
eslicarbazepine,"[""Eslicarbazepine""]"
ethosuximide,"[""Ethosuximide""]"
etoposide,"[""Etoposide""]"
fluticasone,"[""Fluticasone""]"
fluticasone nasal,"[""Fluticasone (nasal)""]"
fluvastatin,"[""Fluvastatin""]"
griseofulvin,"[""Griseofulvin""]"
irinotecan,"[""Irinotecan""]"
irinotecan liposomal,"[""Irinotecan (liposomal)""]"
ivermectin,"[""Ivermectin""]"
ixabepilone,"[""Ixabepilone""]"
lesinurad,"[""Lesinurad""]"
letrozole,"[""Letrozole""]"
levobupivacaine,"[""Levobupivacaine""]"
lovastatin,"[""Lovastatin""]"
lurbinectedin,"[""Lurbinectedin""]"
macitentan,"[""Macitentan""]"
maraviroc,"[""Maraviroc""]"
mirabegron,"[""Mirabegron""]"
mitotane,"[""Mitotane""]"
paclitaxel protein bound,"[""Paclitaxel (protein-bound)""]"
palbociclib,"[""Palbociclib""]"
pemigatinib,"[""Pemigatinib""]"
pimecrolimus topical,"[""Pimecrolimus (topical)""]"
polatuzumab vedotin,"[""Polatuzumab vedotin""]"
pralsetinib,"[""Pralsetinib""]"
retapamulin topical,"[""Retapamulin (topical)""]"
rimegepant,"[""Rimegepant""]"
rivaroxaban,"[""Rivaroxaban""]"
ropivacaine,"[""Ropivacaine""]"
ruxolitinib,"[""Ruxolitinib""]"
selumetinib,"[""Selumetinib""]"
sildenafil,"[""Sildenafil""]"
sulfinpyrazone,"[""Sulfinpyrazone""]"
suvorexant,"[""Suvorexant""]"
tadalafil,"[""Tadalafil""]"
tasimelteon,"[""Tasimelteon""]"
teniposide,"[""Teniposide""]"
tiagabine,"[""Tiagabine""]"
ticagrelor,"[""Ticagrelor""]"
tolvaptan,"[""Tolvaptan""]"
ubrogepant,"[""Ubrogepant""]"
vinblastine,"[""Vinblastine""]"
vincristine,"[""Vincristine""]"
vincristine liposome,"[""Vincristine (liposome)""]"
vinorelbine,"[""Vinorelbine""]"
zafirlukast,"[""Zafirlukast""]"
zanubrutinib,"[""Zanubrutinib""]"
desogestrel,"[""Desogestrel""]"
azathioprine,"[""Azathioprine""]"
bacitracin,"[""Bacitracin""]"
colistimethate,"[""Colistimethate""]"
lutetium lu 177 dotatate,"[""Lutetium Lu 177 dotatate""]"
mercaptopurine,"[""Mercaptopurine""]"
moxetumomab pasudotox,"[""Moxetumomab Pasudotox""]"
valaciclovir,"[""Valaciclovir""]"
lumefantrine,"[""Lumefantrine""]"
artemether,"[""Artemether""]"
articaine,"[""Articaine""]"
oxitriptan,"[""Oxitriptan""]"
azelastine nasal,"[""Azelastine (nasal)""]"
baclofen,"[""Baclofen""]"
brivaracetam,"[""Brivaracetam""]"
salmon calcitonin,"[""Salmon calcitonin""]"
pentoxyverine,"[""Pentoxyverine""]"
carisoprodol,"[""Carisoprodol""]"
clofedanol,"[""Clofedanol""]"
chlorphenesin,"[""Chlorphenesin""]"
chlorzoxazone,"[""Chlorzoxazone""]"
dantrolene,"[""Dantrolene""]"
dexmedetomidine,"[""Dexmedetomidine""]"
fospropofol,"[""Fospropofol""]"
kava,"[""Kava""]"
ketamine,"[""Ketamine""]"
levetiracetam,"[""Levetiracetam""]"
mebrofenin,"[""Mebrofenin""]"
metaxalone,"[""Metaxalone""]"
methocarbamol,"[""Methocarbamol""]"
methsuximide,"[""Methsuximide""]"
metyrosine,"[""Metyrosine""]"
naratriptan,"[""Naratriptan""]"
nitrous oxide,"[""Nitrous oxide""]"
paramethadione,"[""Paramethadione""]"
perampanel,"[""Perampanel""]"
pergolide,"[""Pergolide""]"
phenacemide,"[""Phenacemide""]"
phensuximide,"[""Phensuximide""]"
rizatriptan,"[""Rizatriptan""]"
ropinirole,"[""Ropinirole""]"
rotigotine,"[""Rotigotine""]"
terbinafine,"[""Terbinafine""]"
trimethadione,"[""Trimethadione""]"
trimethobenzamide,"[""Trimethobenzamide""]"
tryptophan,"[""Tryptophan""]"
valerian,"[""Valerian""]"
yohimbine,"[""Yohimbine""]"
ziconotide,"[""Ziconotide""]"
zolmitriptan,"[""Zolmitriptan""]"
deferoxamine,"[""Deferoxamine""]"
anistreplase,"[""Anistreplase""]"
betrixaban,"[""Betrixaban""]"
brinzolamide ophthalmic,"[""Brinzolamide (ophthalmic)""]"
bromfenac ophthalmic,"[""Bromfenac (ophthalmic)""]"
chamomile,"[""Chamomile""]"
dalteparin,"[""Dalteparin""]"
defibrotide,"[""Defibrotide""]"
deoxycholic acid,"[""Deoxycholic acid""]"
dipyridamole,"[""Dipyridamole""]"
dorzolamide ophthalmic,"[""Dorzolamide (ophthalmic)""]"
drotrecogin alfa,"[""Drotrecogin alfa""]"
flurbiprofen ophthalmic,"[""Flurbiprofen (ophthalmic)""]"
heparin,"[""Heparin""]"
ibritumomab tiuxetan,"[""Ibritumomab tiuxetan""]"
icosapent,"[""Icosapent""]"
tositumomab i 131,"[""Tositumomab (I-131)""]"
nepafenac ophthalmic,"[""Nepafenac (ophthalmic)""]"
pentosan polysulfate,"[""Pentosan polysulfate""]"
pralatrexate,"[""Pralatrexate""]"
ramucirumab,"[""Ramucirumab""]"
reteplase,"[""Reteplase""]"
risedronic acid,"[""Risedronic acid""]"
streptokinase,"[""Streptokinase""]"
tenecteplase,"[""Tenecteplase""]"
tiludronic acid,"[""Tiludronic acid""]"
tinzaparin,"[""Tinzaparin""]"
tositumomab,"[""Tositumomab""]"
urokinase,"[""Urokinase""]"
ardeparin,"[""Ardeparin""]"
argatroban,"[""Argatroban""]"
bendamustine,"[""Bendamustine""]"
binimetinib,"[""Binimetinib""]"
caplacizumab,"[""Caplacizumab""]"
danaparoid,"[""Danaparoid""]"
diclofenac ophthalmic,"[""Diclofenac (ophthalmic)""]"
edoxaban,"[""Edoxaban""]"
enoxaparin,"[""Enoxaparin""]"
eptifibatide,"[""Eptifibatide""]"
ginger,"[""Ginger""]"
hemin,"[""Hemin""]"
lepirudin,"[""Lepirudin""]"
nintedanib,"[""Nintedanib""]"
niraparib,"[""Niraparib""]"
pentoxifylline,"[""Pentoxifylline""]"
regorafenib,"[""Regorafenib""]"
suprofen ophthalmic,"[""Suprofen (ophthalmic)""]"
tirofiban,"[""Tirofiban""]"
dexamethasone nasal,"[""Dexamethasone (nasal)""]"
triamcinolone nasal,"[""Triamcinolone (nasal)""]"
pectin,"[""Pectin""]"
atovaquone,"[""Atovaquone""]"
proguanil,"[""Proguanil""]"
pralidoxime,"[""Pralidoxime""]"
auranofin,"[""Auranofin""]"
avatrombopag,"[""Avatrombopag""]"
azelastine ophthalmic,"[""Azelastine (ophthalmic)""]"
phenazopyridine,"[""Phenazopyridine""]"
methenamine,"[""Methenamine""]"
benzocaine topical,"[""Benzocaine (topical)""]"
baloxavir marboxil,"[""Baloxavir marboxil""]"
cefaclor,"[""Cefaclor""]"
cefadroxil,"[""Cefadroxil""]"
cefdinir,"[""Cefdinir""]"
cefprozil,"[""Cefprozil""]"
ceftibuten,"[""Ceftibuten""]"
cefradine,"[""Cefradine""]"
clindamycin,"[""Clindamycin""]"
lincomycin,"[""Lincomycin""]"
sulfadiazine,"[""Sulfadiazine""]"
sulfamethizole,"[""Sulfamethizole""]"
sulfisoxazole,"[""Sulfisoxazole""]"
basiliximab,"[""Basiliximab""]"
berotralstat,"[""Berotralstat""]"
caspofungin,"[""Caspofungin""]"
dapsone topical,"[""Dapsone (topical)""]"
elvitegravir,"[""Elvitegravir""]"
exemestane,"[""Exemestane""]"
montelukast,"[""Montelukast""]"
praziquantel,"[""Praziquantel""]"
pretomanid,"[""Pretomanid""]"
relugolix,"[""Relugolix""]"
simeprevir,"[""Simeprevir""]"
thallous chloride,"[""Thallous Chloride""]"
beclomethasone dipropionate nasal,"[""Beclomethasone dipropionate (nasal)""]"
belatacept,"[""Belatacept""]"
belimumab,"[""Belimumab""]"
cabergoline,"[""Cabergoline""]"
ezetimibe,"[""Ezetimibe""]"
benzhydrocodone,"[""Benzhydrocodone""]"
hydrocortisone ophthalmic,"[""Hydrocortisone (ophthalmic)""]"
bictegravir,"[""Bictegravir""]"
emtricitabine,"[""Emtricitabine""]"
fludeoxyglucose 18f,"[""Fludeoxyglucose (18F)""]"
urea,"[""Urea""]"
aurothioglucose,"[""Aurothioglucose""]"
capecitabine,"[""Capecitabine""]"
disulfiram,"[""Disulfiram""]"
ethambutol,"[""Ethambutol""]"
ethionamide,"[""Ethionamide""]"
fludarabine,"[""Fludarabine""]"
fluorouracil,"[""Fluorouracil""]"
sodium aurothiomalate,"[""Sodium aurothiomalate""]"
diiodohydroxyquinoline,"[""Diiodohydroxyquinoline""]"
mebendazole,"[""Mebendazole""]"
pravastatin,"[""Pravastatin""]"
stavudine,"[""Stavudine""]"
zalcitabine,"[""Zalcitabine""]"
bivalirudin,"[""Bivalirudin""]"
bleomycin,"[""Bleomycin""]"
burosumab,"[""Burosumab""]"
deferiprone,"[""Deferiprone""]"
eltrombopag,"[""Eltrombopag""]"
omadacycline,"[""Omadacycline""]"
folic acid,"[""Folic acid""]"
penicillamine,"[""Penicillamine""]"
triethylenetetramine,"[""Triethylenetetramine""]"
bremelanotide,"[""Bremelanotide""]"
brodalumab,"[""Brodalumab""]"
goldenseal,"[""Goldenseal""]"
calcium glycerophosphate,"[""Calcium glycerophosphate""]"
prasterone enantate,"[""Prasterone enantate""]"
parathyroid hormone,"[""Parathyroid hormone""]"
teriparatide,"[""Teriparatide""]"
testolactone,"[""Testolactone""]"
cyclandelate,"[""Cyclandelate""]"
isoxsuprine,"[""Isoxsuprine""]"
nesiritide,"[""Nesiritide""]"
nitrous acid,"[""Nitrous acid""]"
tolazoline,"[""Tolazoline""]"
cangrelor,"[""Cangrelor""]"
levonordefrin,"[""Levonordefrin""]"
mepivacaine,"[""Mepivacaine""]"
carfilzomib,"[""Carfilzomib""]"
carmustine,"[""Carmustine""]"
cefazolin,"[""Cefazolin""]"
cefepime,"[""Cefepime""]"
cefixime,"[""Cefixime""]"
cefotaxime,"[""Cefotaxime""]"
cefotetan,"[""Cefotetan""]"
cefoxitin,"[""Cefoxitin""]"
ceftaroline fosamil,"[""Ceftaroline fosamil""]"
ceftazidime,"[""Ceftazidime""]"
ceftolozane,"[""Ceftolozane""]"
ceftriaxone,"[""Ceftriaxone""]"
clofibrate,"[""Clofibrate""]"
fenofibric acid,"[""Fenofibric acid""]"
chloroprocaine,"[""Chloroprocaine""]"
laronidase,"[""Laronidase""]"
mecasermin,"[""Mecasermin""]"
mecasermin rinfabate,"[""Mecasermin rinfabate""]"
sulfadoxine,"[""Sulfadoxine""]"
rifamycin,"[""Rifamycin""]"
cholic acid,"[""Cholic Acid""]"
ciclesonide nasal,"[""Ciclesonide (nasal)""]"
ciclesonide,"[""Ciclesonide""]"
creatine,"[""Creatine""]"
lomustine,"[""Lomustine""]"
melatonin,"[""Melatonin""]"
moricizine,"[""Moricizine""]"
tocainide,"[""Tocainide""]"
trimetrexate,"[""Trimetrexate""]"
varenicline,"[""Varenicline""]"
cinacalcet,"[""Cinacalcet""]"
citric acid,"[""Citric acid""]"
eravacycline,"[""Eravacycline""]"
fexofenadine,"[""Fexofenadine""]"
flunisolide nasal,"[""Flunisolide (nasal)""]"
fluorometholone ophthalmic,"[""Fluorometholone (ophthalmic)""]"
loteprednol ophthalmic,"[""Loteprednol (ophthalmic)""]"
mitoxantrone,"[""Mitoxantrone""]"
pomalidomide,"[""Pomalidomide""]"
talazoparib,"[""Talazoparib""]"
vorapaxar,"[""Vorapaxar""]"
picosulfuric acid,"[""Picosulfuric acid""]"
aztreonam,"[""Aztreonam""]"
benznidazole,"[""Benznidazole""]"
cefamandole,"[""Cefamandole""]"
cefmetazole,"[""Cefmetazole""]"
cefonicid,"[""Cefonicid""]"
cefoperazone,"[""Cefoperazone""]"
ceftizoxime,"[""Ceftizoxime""]"
microcrystalline cellulose,"[""Microcrystalline cellulose""]"
cefalotin,"[""Cefalotin""]"
cefapirin,"[""Cefapirin""]"
dalbavancin,"[""Dalbavancin""]"
daptomycin,"[""Daptomycin""]"
doripenem,"[""Doripenem""]"
loracarbef,"[""Loracarbef""]"
novobiocin,"[""Novobiocin""]"
oritavancin,"[""Oritavancin""]"
pyrazinamide,"[""Pyrazinamide""]"
quinupristin,"[""Quinupristin""]"
secnidazole,"[""Secnidazole""]"
spectinomycin,"[""Spectinomycin""]"
tedizolid,"[""Tedizolid""]"
tigecycline,"[""Tigecycline""]"
levomefolic acid,"[""Levomefolic acid""]"
leucovorin,"[""Leucovorin""]"
levomefolic acid calcium,"[""Levomefolic acid (calcium)""]"
cromoglicic acid,"[""Cromoglicic acid""]"
ursodeoxycholic acid,"[""Ursodeoxycholic acid""]"
human c1 esterase inhibitor,"[""Human C1-esterase inhibitor""]"
conestat alfa,"[""Conestat alfa""]"
dactinomycin,"[""Dactinomycin""]"
denileukin diftitox,"[""Denileukin diftitox""]"
dinoprostone topical,"[""Dinoprostone (topical)""]"
difenoxin,"[""Difenoxin""]"
dimercaprol,"[""Dimercaprol""]"
diphenoxylate,"[""Diphenoxylate""]"
dipivefrin ophthalmic,"[""Dipivefrin (ophthalmic)""]"
docusate,"[""Docusate""]"
lacosamide,"[""Lacosamide""]"
dornase alfa,"[""Dornase alfa""]"
dupilumab,"[""Dupilumab""]"
dyphylline,"[""Dyphylline""]"
grazoprevir,"[""Grazoprevir""]"
elbasvir,"[""Elbasvir""]"
elexacaftor,"[""Elexacaftor""]"
artesunate,"[""Artesunate""]"
lenalidomide,"[""Lenalidomide""]"
topotecan,"[""Topotecan""]"
pitavastatin,"[""Pitavastatin""]"
emapalumab,"[""Emapalumab""]"
enasidenib,"[""Enasidenib""]"
procaine,"[""Procaine""]"
ledipasvir,"[""Ledipasvir""]"
levocarnitine,"[""Levocarnitine""]"
lidocaine ophthalmic,"[""Lidocaine (ophthalmic)""]"
inulin,"[""Inulin""]"
sodium phosphate monobasic,"[""Sodium phosphate, monobasic""]"
lopinavir,"[""Lopinavir""]"
lubiprostone,"[""Lubiprostone""]"
lumacaftor,"[""Lumacaftor""]"
nalmefene,"[""Nalmefene""]"
phenyl salicylate,"[""Phenyl salicylate""]"
miconazole topical,"[""Miconazole (topical)""]"
imiglucerase,"[""Imiglucerase""]"
miglustat,"[""Miglustat""]"
guselkumab,"[""Guselkumab""]"
inebilizumab,"[""Inebilizumab""]"
ixekizumab,"[""Ixekizumab""]"
selenium,"[""Selenium""]"
mogamulizumab,"[""Mogamulizumab""]"
naxitamab,"[""Naxitamab""]"
omalizumab,"[""Omalizumab""]"
risankizumab,"[""Risankizumab""]"
rituximab,"[""Rituximab""]"
sarilumab,"[""Sarilumab""]"
satralizumab,"[""Satralizumab""]"
secukinumab,"[""Secukinumab""]"
siltuximab,"[""Siltuximab""]"
tildrakizumab,"[""Tildrakizumab""]"
tocilizumab,"[""Tocilizumab""]"
vedolizumab,"[""Vedolizumab""]"
propylthiouracil,"[""Propylthiouracil""]"
nedocromil,"[""Nedocromil""]"
netupitant,"[""Netupitant""]"
mestranol,"[""Mestranol""]"
riluzole,"[""Riluzole""]"
paritaprevir,"[""Paritaprevir""]"
onasemnogene abeparvovec,"[""Onasemnogene abeparvovec""]"
proparacaine ophthalmic,"[""Proparacaine (ophthalmic)""]"
pegaptanib ophthalmic,"[""Pegaptanib (ophthalmic)""]"
pegloticase,"[""Pegloticase""]"
pegademase,"[""Pegademase""]"
pegfilgrastim,"[""Pegfilgrastim""]"
peginesatide,"[""Peginesatide""]"
phylloquinone,"[""Phylloquinone""]"
plecanatide,"[""Plecanatide""]"
monopotassium phosphate,"[""Monopotassium phosphate""]"
prilocaine,"[""Prilocaine""]"
dalfopristin,"[""Dalfopristin""]"
sacubitril,"[""Sacubitril""]"
sodium chloride,"[""Sodium chloride""]"
vibegron,"[""Vibegron""]"
minoxidil topical,"[""Minoxidil (topical)""]"
pyrimethamine,"[""Pyrimethamine""]"
sodium sulfate,"[""Sodium sulfate""]"
velpatasvir,"[""Velpatasvir""]"
voxilaprevir,"[""Voxilaprevir""]"
tetracaine,"[""Tetracaine""]"
manganese sulfate,"[""Manganese (sulfate)""]"
copper gluconate,"[""Copper gluconate""]"
manganese chloride,"[""Manganese (chloride)""]"
tipiracil,"[""Tipiracil""]"
triheptanoin,"[""Triheptanoin""]"
vilanterol,"[""Vilanterol""]"
zanamivir,"[""Zanamivir""]"
potassium acetate,"[""Potassium acetate""]"
potassium perchlorate,"[""Potassium perchlorate""]"
methacholine,"[""Methacholine""]"
iron dextran,"[""Iron Dextran""]"
ixazomib,"[""Ixazomib""]"
gentamicin topical,"[""Gentamicin (topical)""]"
belinostat,"[""Belinostat""]"
cytarabine,"[""Cytarabine""]"
dacarbazine,"[""Dacarbazine""]"
elotuzumab,"[""Elotuzumab""]"
febuxostat,"[""Febuxostat""]"
gemcitabine,"[""Gemcitabine""]"
gemtuzumab ozogamicin,"[""Gemtuzumab ozogamicin""]"
methimazole,"[""Methimazole""]"
temozolomide,"[""Temozolomide""]"
naphazoline ophthalmic,"[""Naphazoline (ophthalmic)""]"
floxuridine,"[""Floxuridine""]"
hydroxyurea,"[""Hydroxyurea""]"
mechlorethamine,"[""Mechlorethamine""]"
mitomycin,"[""Mitomycin""]"
pentostatin,"[""Pentostatin""]"
plicamycin,"[""Plicamycin""]"
streptozocin,"[""Streptozocin""]"
oxybuprocaine ophthalmic,"[""Oxybuprocaine (ophthalmic)""]"
cinchocaine topical,"[""Cinchocaine (topical)""]"
tetracaine topical,"[""Tetracaine (topical)""]"
capsicum,"[""Capsicum""]"
clove,"[""Clove""]"
oxymetazoline ophthalmic,"[""Oxymetazoline (ophthalmic)""]"
oxymetazoline nasal,"[""Oxymetazoline (nasal)""]"
oxymetazoline topical,"[""Oxymetazoline (topical)""]"
brexucabtagene autoleucel,"[""Brexucabtagene autoleucel""]"
tafamidis,"[""Tafamidis""]"
oxyquinoline topical,"[""Oxyquinoline (topical)""]"
aminobenzoic acid,"[""Aminobenzoic acid""]"
tetryzoline nasal,"[""Tetryzoline (nasal)""]"
beta carotene,"[""Beta carotene""]"
ammonium chloride,"[""Ammonium chloride""]"
methionine,"[""Methionine""]"
dienogest,"[""Dienogest""]"
norgestimate,"[""Norgestimate""]"
cabotegravir,"[""Cabotegravir""]"
ferric carboxymaltose,"[""Ferric carboxymaltose""]"
ferric derisomaltose,"[""Ferric derisomaltose""]"
sodium ferric gluconate complex,"[""Sodium ferric gluconate complex""]"
ferumoxytol,"[""Ferumoxytol""]"
glecaprevir,"[""Glecaprevir""]"
hydroxyamphetamine ophthalmic,"[""Hydroxyamphetamine (ophthalmic)""]"
imipenem,"[""Imipenem""]"
ipecac,"[""Ipecac""]"
melphalan flufenamide,"[""Melphalan flufenamide""]"
tetryzoline ophthalmic,"[""Tetryzoline (ophthalmic)""]"
lutein,"[""Lutein""]"
saw palmetto,"[""Saw palmetto""]"
fosnetupitant,"[""Fosnetupitant""]"
levmetamfetamine nasal,"[""Levmetamfetamine (nasal)""]"
naphazoline nasal,"[""Naphazoline (nasal)""]"
phenylephrine nasal,"[""Phenylephrine (nasal)""]"
phenylephrine topical,"[""Phenylephrine (topical)""]"
propylhexedrine nasal,"[""Propylhexedrine (nasal)""]"
xylometazoline nasal,"[""Xylometazoline (nasal)""]"
nystatin,"[""Nystatin""]"
gadodiamide,"[""Gadodiamide""]"
travoprost,"[""Travoprost""]"
mupirocin,"[""Mupirocin""]"
famciclovir,"[""Famciclovir""]"
raloxifene,"[""Raloxifene""]"
gadoversetamide,"[""Gadoversetamide""]"
latanoprost,"[""Latanoprost""]"
ribavirin,"[""Ribavirin""]"
bimatoprost,"[""Bimatoprost""]"
desloratadine,"[""Desloratadine""]"
zopiclone,"[""Zopiclone""]"
finasteride,"[""Finasteride""]"
acenocoumarol,"[""Acenocoumarol""]"
nitrazepam,"[""Nitrazepam""]"
vitamin d,"[""Vitamin D""]"
clobetasol,"[""Clobetasol""]"
ciclopirox,"[""Ciclopirox""]"
pimecrolimus,"[""Pimecrolimus""]"
oseltamivir,"[""Oseltamivir""]"
adapalene,"[""Adapalene""]"
etomidate,"[""Etomidate""]"
acamprosate,"[""Acamprosate""]"
adefovir dipivoxil,"[""Adefovir dipivoxil""]"
imiquimod,"[""Imiquimod""]"
olopatadine,"[""Olopatadine""]"
fulvestrant,"[""Fulvestrant""]"
selenium sulfide,"[""Selenium Sulfide""]"
brinzolamide,"[""Brinzolamide""]"
loteprednol etabonate,"[""Loteprednol etabonate""]"
fluorometholone,"[""Fluorometholone""]"
tazarotene,"[""Tazarotene""]"
ketotifen,"[""Ketotifen""]"
fluocinonide,"[""Fluocinonide""]"
econazole,"[""Econazole""]"
nitric oxide,"[""Nitric Oxide""]"
chlorhexidine,"[""Chlorhexidine""]"
hydroxocobalamin,"[""Hydroxocobalamin""]"
tioconazole,"[""Tioconazole""]"
levobunolol,"[""Levobunolol""]"
brimonidine,"[""Brimonidine""]"
aminocaproic acid,"[""Aminocaproic acid""]"
tropicamide,"[""Tropicamide""]"
galactose,"[""Galactose""]"
azelastine,"[""Azelastine""]"
hydrocortisone butyrate,"[""Hydrocortisone butyrate""]"
calcipotriol,"[""Calcipotriol""]"
anastrozole,"[""Anastrozole""]"
flumazenil,"[""Flumazenil""]"
fluocinolone acetonide,"[""Fluocinolone acetonide""]"
gamma aminobutyric acid,"[""gamma-Aminobutyric acid""]"
dextran low molecular weight,"[""Dextran (low molecular weight)""]"
dextran 1,"[""Dextran (-1)""]"
dextran high molecular weight,"[""Dextran (high molecular weight)""]"
heparin flush,"[""Heparin (flush)""]"
emicizumab,"[""Emicizumab""]"
tranexamic acid,"[""Tranexamic acid""]"
darbepoetin alfa,"[""Darbepoetin alfa""]"
aprotinin,"[""Aprotinin""]"
protein c,"[""Protein C""]"
anti inhibitor coagulant complex,"[""Anti-inhibitor coagulant complex""]"
factor ix complex human,"[""Factor IX Complex (Human)""]"
erythropoietin,"[""Erythropoietin""]"
icatibant,"[""Icatibant""]"
von willebrand factor human,"[""Von Willebrand Factor Human""]"
coagulation factor viia recombinant human,"[""Coagulation factor VIIa Recombinant Human""]"
sugammadex,"[""Sugammadex""]"
coagulation factor x human,"[""Coagulation factor X human""]"
regadenoson,"[""Regadenoson""]"
fibrinogen human,"[""Fibrinogen human""]"
romiplostim,"[""Romiplostim""]"
etidocaine,"[""Etidocaine""]"
methyl salicylate topical,"[""Methyl salicylate (topical)""]"
econazole topical,"[""Econazole (topical)""]"
sofosbuvir,"[""Sofosbuvir""]"
coenzyme m,"[""Coenzyme M""]"
trastuzumab,"[""Trastuzumab""]"
sodium glycerophosphate,"[""Sodium glycerophosphate""]"
citrus bioflavonoids,"[""Citrus bioflavonoids""]"
chondroitin sulfate,"[""Chondroitin sulfate""]"
cranberry,"[""Cranberry""]"
dextrothyroxine,"[""Dextrothyroxine""]"
glucagon,"[""Glucagon""]"
glucosamine,"[""Glucosamine""]"
levamisole,"[""Levamisole""]"
papaya,"[""Papaya""]"
palifermin,"[""Palifermin""]"
sacituzumab govitecan,"[""Sacituzumab govitecan""]"
bromotheophylline,"[""Bromotheophylline""]"
trametinib,"[""Trametinib""]"
pyrophosphoric acid,"[""Pyrophosphoric acid""]"
hyaluronic acid,"[""Hyaluronic acid""]"
cetylpyridinium topical,"[""Cetylpyridinium (topical)""]"
bretylium,"[""Bretylium""]"
bupivacaine liposome,"[""Bupivacaine (liposome)""]"
tilmanocept,"[""Tilmanocept""]"
cyclopentolate ophthalmic,"[""Cyclopentolate (ophthalmic)""]"
histamine,"[""Histamine""]"
homatropine ophthalmic,"[""Homatropine (ophthalmic)""]"
tropicamide ophthalmic,"[""Tropicamide (ophthalmic)""]"
potassium iodide,"[""Potassium Iodide""]"
rasburicase,"[""Rasburicase""]"
silver nitrate ophthalmic,"[""Silver nitrate (ophthalmic)""]"
silver nitrate topical,"[""Silver nitrate (topical)""]"
silver sulfadiazine topical,"[""Silver sulfadiazine (topical)""]"
diphenhydramine topical,"[""Diphenhydramine (topical)""]"
azacitidine,"[""Azacitidine""]"
belantamab mafodotin,"[""Belantamab mafodotin""]"
benzonatate,"[""Benzonatate""]"
daratumumab,"[""Daratumumab""]"
decitabine,"[""Decitabine""]"
chloramphenicol ophthalmic,"[""Chloramphenicol (ophthalmic)""]"
olaratumab,"[""Olaratumab""]"
rimexolone ophthalmic,"[""Rimexolone (ophthalmic)""]"
trifluridine,"[""Trifluridine""]"
isatuximab,"[""Isatuximab""]"
ofatumumab,"[""Ofatumumab""]"
cytarabine liposomal,"[""Cytarabine (liposomal)""]"
filgrastim,"[""Filgrastim""]"
samarium 153sm lexidronam,"[""Samarium (153Sm) lexidronam""]"
sargramostim,"[""Sargramostim""]"
obinutuzumab,"[""Obinutuzumab""]"
axicabtagene ciloleucel,"[""Axicabtagene ciloleucel""]"
trastuzumab deruxtecan,"[""Trastuzumab deruxtecan""]"
lisocabtagene maraleucel,"[""Lisocabtagene maraleucel""]"
selinexor,"[""Selinexor""]"
tafasitamab,"[""Tafasitamab""]"
tisagenlecleucel,"[""Tisagenlecleucel""]"
aflibercept,"[""Aflibercept""]"
medrysone ophthalmic,"[""Medrysone (ophthalmic)""]"
phenylephrine otic,"[""Phenylephrine (otic)""]"
metyrapone,"[""Metyrapone""]"
benzalkonium topical,"[""Benzalkonium (topical)""]"
azelaic acid,"[""Azelaic acid""]"
